{
  "epoch": [
    1,
    2,
    3
  ],
  "train_loss": [
    6.972047885541814,
    4.992321755113975,
    3.906635860955588
  ],
  "train_acc": [
    15.405164737310775,
    19.5013357079252,
    24.131789848619768
  ]
}